{"cameraMode":{"drawMode":0,"name":"Shaded","section":"Shading Mode"},"sceneLighting":true,"audioPlay":false,"sceneViewState":{"m_AlwaysRefresh":false,"showFog":true,"showSkybox":true,"showFlares":true,"showImageEffects":true,"showParticleSystems":true,"showVisualEffectGraphs":true,"m_FxEnabled":true},"in2DMode":false,"pivot":{"x":-18.489025115966798,"y":2.866072654724121,"z":39.081214904785159},"rotation":{"x":-0.0770464763045311,"y":0.08571986109018326,"z":-0.0066457344219088558,"w":-0.9933180212974548},"size":50.96860122680664,"orthographic":false}